{
	"msg":"success",
	"state":"11",
	"list":[
		   {
			   "title":"家乡味道",
			   "state":true,
			   "main":[
			     {
			    	 "src":"./src/assets/list/home/ji32@2x.png",
			    	 "title":"东南"
			     },  
			     {
			    	 "src":"./src/assets/list/home/jia1@2x.png",
			    	 "title":"西北"
			     },
			     {
			    	 "src":"./src/assets/list/home/jia3@2x.png",
			    	 "title":"东南"
			     },
			     {
			    	 "src":"./src/assets/list/home/jia4@2x.png",
			    	 "title":"西北"
			     },
			     {
			    	 "src":"./src/assets/list/home/jia5@2x.png",
			    	 "title":"中原"
			     },
			     {
			    	 "src":"./src/assets/list/home/jia6@2x.png",
			    	 "title":"东南"
			     }
			    ]
			},
			{
			"title":"进口食品",
			"state":false,
			"main":[
			     {
			    	 "src":"./src/assets/list/jinl/jin1@2x.png",
			    	 "title":"进口零食"
			     },  
			     {
			    	 "src":"./src/assets/list/jinl/jin2@2x.png",
			    	 "title":"进口饮料"
			     },
			     {
			    	 "src":"./src/assets/list/jinl/jin3@2x.png",
			    	 "title":"进口"
			     },
			     {
			    	 "src":"./src/assets/list/jinl/jin4@2x.png",
			    	 "title":"进口零食"
			     },
			     {
			    	 "src":"./src/assets/list/jinl/jin5@2x.png",
			    	 "title":"进口零食"
			     },
			     {
			    	 "src":"./src/assets/list/jinl/jin6@2x.png",
			    	 "title":"进口零食"
			     }
			    ]
			},
			{
			"title":"牛奶乳品",
			"state":false,
			"main":[
			     {
			    	 "src":"./src/assets/list/jiu/jiu1@2x.png",
			    	 "title":"进口零食"
			     },  
			     {
			    	 "src":"./src/assets/list/jiu/jiu2@2x.png",
			    	 "title":"进口饮料"
			     },
			     {
			    	 "src":"./src/assets/list/jiu/jiu3@2x.png",
			    	 "title":"进口"
			     },
			     {
			    	 "src":"./src/assets/list/jiu/jiu4@2x.png",
			    	 "title":"进口零食"
			     },
			     {
			    	 "src":"./src/assets/list/jiu/jiui5@2x.png",
			    	 "title":"进口零食"
			     }
			    ]
			},
			{
			"title":"休闲零食",
			"state":false,
			"main":[
			     {
			    	 "src":"./src/assets/list/xiu/xiu1@2x.png",
			    	 "title":"进口零食"
			     },  
			     {
			    	 "src":"./src/assets/list/xiu/xiu2@2x.png",
			    	 "title":"进口饮料"
			     },
			     {
			    	 "src":"./src/assets/list/xiu/xiu3@2x.png",
			    	 "title":"进口"
			     },
			     {
			    	 "src":"./src/assets/list/xiu/xiu4@2x.png",
			    	 "title":"进口零食"
			     },
			     {
			    	 "src":"./src/assets/list/xiu/xiu5@2x.png",
			    	 "title":"进口零食"
			     },
			     {
			    	 "src":"./src/assets/list/xiu/xiu6@2x.png",
			    	 "title":"进口零食"
			     },
			     {
			    	 "src":"./src/assets/list/xiu/xiu7@2x.png",
			    	 "title":"进口零食"
			     }
			    ]
			},
			{
			"title":"生鲜果蔬",
			"state":false,
			"main":[
			     {
			    	 "src":"./src/assets/list/shu/shen1@2x.png",
			    	 "title":"进口零食"
			     },  
			     {
			    	 "src":"./src/assets/list/shu/shen2@2x.png",
			    	 "title":"进口饮料"
			     },
			     {
			    	 "src":"./src/assets/list/shu/shen3@2x.png",
			    	 "title":"进口"
			     },
			     {
			    	 "src":"./src/assets/list/shu/shen4@2x.png",
			    	 "title":"进口零食"
			     }
			    ]
			},
			{
			"title":"米面粮油",
			"state":false,
			"main":[
			     {
			    	 "src":"./src/assets/list/mi/mi1@2x.png",
			    	 "title":"进口零食"
			     },  
			     {
			    	 "src":"./src/assets/list/mi/mi2@2x.png",
			    	 "title":"进口饮料"
			     },
			     {
			    	 "src":"./src/assets/list/mi/mi3@2x.png",
			    	 "title":"进口"
			     },
			     {
			    	 "src":"./src/assets/list/mi/mi4@2x.png",
			    	 "title":"进口零食"
			     },
			     {
			    	 "src":"./src/assets/list/mi/mi5@2x.png",
			    	 "title":"进口零食"
			     },
			     {
			    	 "src":"./src/assets/list/mi/mi6@2x.png",
			    	 "title":"进口零食"
			     },
			     {
			    	 "src":"./src/assets/list/mi/mi7@2x.png",
			    	 "title":"进口零食"
			     }
			    ]
			},
			{
				"title":"调味调料",
				"state":false,
				"main":[
				     {
				    	 "src":"./src/assets/list/tiao/tiao1@2x.png",
				    	 "title":"进口零食"
				     },  
				     {
				    	 "src":"./src/assets/list/tiao/tiaoi2@2x.png",
				    	 "title":"进口饮料"
				     },
				     {
				    	 "src":"./src/assets/list/tiao/tiao3@2x.png",
				    	 "title":"进口"
				     },
				     {
				    	 "src":"./src/assets/list/tiao/tiao4@2x.png",
				    	 "title":"进口零食"
				     },
				     {
				    	 "src":"./src/assets/list/tiao/tiao5@2x.png",
				    	 "title":"进口零食"
				     },
				     {
				    	 "src":"./src/assets/list/tiao/tiao6@2x.png",
				    	 "title":"进口零食"
				     }
				    ]
				},
				{
					"title":"酒水饮料",
					"state":false,
					"main":[
					     {
					    	 "src":"./src/assets/list/jiu/jiu1@2x.png",
					    	 "title":"进口零食"
					     },  
					     {
					    	 "src":"./src/assets/list/jiu/jiu2@2x.png",
					    	 "title":"进口饮料"
					     },
					     {
					    	 "src":"./src/assets/list/jiu/jiu3@2x.png",
					    	 "title":"进口"
					     },
					     {
					    	 "src":"./src/assets/list/jiu/jiu4@2x.png",
					    	 "title":"进口零食"
					     },
					     {
					    	 "src":"./src/assets/list/jiu/jiui5@2x.png",
					    	 "title":"进口零食"
					     }
					    ]
					}
		]
		
	
}