{
	"msg":"success",
	"state":"1",
	"list":[
		        {
		        	"goods_name":"素品无忌 豆腐丝 云南石屏腐竹丝  800g",
		        	"src":"http://www.lb717.com//Uploads/images/admin/depositstoregoodsupload/editreview/13309/2017-03/huge/5195274409.jpg",
		        	"discount_price":"59.90",
		        	"detail":{
	            		"banner":[
	            				    {"src":"http://www.lb717.com//public/upload/temp/2017/07-17/a1324f85faeab4bb134a74f5d9f1b1e4.jpg"},
	            				    {"src":"http://www.lb717.com//public/upload/temp/2017/07-17/67ebc65a3e61b404a2954fca2574fe5d.jpg"},
	            				    {"src":"http://www.lb717.com//public/upload/temp/2017/07-17/0bbc44e58c83a3eb8190913cc1b93937.jpg"}
	            				    ],
	            				"detail":"御龙源 北大荒酸菜棵500克×3袋 亲民有机酸菜棵 东北酸菜 笨酸菜  500g",
	            				"price":"￥45.80",
	            				"postage":"(运费:￥0.00)",
	            				"log":"http://www.lb717.com/Uploads/images/old/data/20150421/storetheme/huge/f6f3b979be2e93597920369f52a3e52662cde6e0.jpg",
	            				"shopName":"嫩江源食品专营店",
	            				"shopNum":"NJY1407004",
	            				"remoment":[
	            				            {
	            				            	"src":"http://www.lb717.com//Uploads/images/admin/depositstoregoodsupload/release/13247/2017-03/huge/8938785180.jpg",
	            				            	"detail":"西班牙黑毛猪 西班牙伊比利亚黑猪肉 带肋排五花肉  1000g",
	            				            	"price":"156.00"
	            				            	
	            				            },
	            				            {
	            				            	"src":"http://www.lb717.com//Uploads/images/old/data/20150427/goodsimage/huge/f5543e40d81f5608c8a32f9eca47f465529e4890.jpg",
	            				            	"detail":"麻香嘴 藤椒油238ml ",
	            				            	"price":"88"
	            				            	
	            				            },
	            				            {
	            				            	"src":"http://www.lb717.com//Uploads/images/admin/depositstoregoodsupload/release/13247/2017-03/huge/8938785180.jpg",
	            				            	"detail":"西班牙黑毛猪 西班牙伊比利亚黑猪肉 带肋排五花肉  1000g",
	            				            	"price":"156.00"
	            				            	
	            				            },
	            				            {
	            				            	"src":"http://www.lb717.com//Uploads/images/admin/depositstoregoodsupload/release/13247/2017-03/huge/8938785180.jpg",
	            				            	"detail":"西班牙黑毛猪 西班牙伊比利亚黑猪肉 带肋排五花肉  1000g",
	            				            	"price":"156.00"
	            				            	
	            				            },
	            				            {
	            				            	"src":"http://www.lb717.com//Uploads/images/admin/depositstoregoodsupload/release/13247/2017-03/huge/8938785180.jpg",
	            				            	"detail":"西班牙黑毛猪 西班牙伊比利亚黑猪肉 带肋排五花肉  1000g",
	            				            	"price":"156.00"
	            				            	
	            				            }
	            				       ]
	            				
	            			}
		        },
		        {
		        	"goods_name":"金汇源 茅台镇53°度酱香型寻味三十载白酒30年酿造经典礼盒白酒  500ml",
		        	"src":"http://www.lb717.com//Uploads/images/admin/depositstoregoodsupload/release/13254/2017-01/huge/6387357102.jpg",
		        	"discount_price":"468.00",
		        	"detail":{
	            		"banner":[
	            				    {"src":"http://www.lb717.com//public/upload/temp/2017/07-17/a1324f85faeab4bb134a74f5d9f1b1e4.jpg"},
	            				    {"src":"http://www.lb717.com//public/upload/temp/2017/07-17/67ebc65a3e61b404a2954fca2574fe5d.jpg"},
	            				    {"src":"http://www.lb717.com//public/upload/temp/2017/07-17/0bbc44e58c83a3eb8190913cc1b93937.jpg"}
	            				    ],
	            				"detail":"御龙源 北大荒酸菜棵500克×3袋 亲民有机酸菜棵 东北酸菜 笨酸菜  500g",
	            				"price":"￥45.80",
	            				"postage":"(运费:￥0.00)",
	            				"log":"http://www.lb717.com/Uploads/images/old/data/20150421/storetheme/huge/f6f3b979be2e93597920369f52a3e52662cde6e0.jpg",
	            				"shopName":"嫩江源食品专营店",
	            				"shopNum":"NJY1407004",
	            				"remoment":[
	            				            {
	            				            	"src":"http://www.lb717.com//Uploads/images/admin/depositstoregoodsupload/release/13247/2017-03/huge/8938785180.jpg",
	            				            	"detail":"西班牙黑毛猪 西班牙伊比利亚黑猪肉 带肋排五花肉  1000g",
	            				            	"price":"156.00"
	            				            	
	            				            },
	            				            {
	            				            	"src":"http://www.lb717.com//Uploads/images/old/data/20150427/goodsimage/huge/f5543e40d81f5608c8a32f9eca47f465529e4890.jpg",
	            				            	"detail":"麻香嘴 藤椒油238ml ",
	            				            	"price":"88"
	            				            	
	            				            },
	            				            {
	            				            	"src":"http://www.lb717.com//Uploads/images/admin/depositstoregoodsupload/release/13247/2017-03/huge/8938785180.jpg",
	            				            	"detail":"西班牙黑毛猪 西班牙伊比利亚黑猪肉 带肋排五花肉  1000g",
	            				            	"price":"156.00"
	            				            	
	            				            },
	            				            {
	            				            	"src":"http://www.lb717.com//Uploads/images/admin/depositstoregoodsupload/release/13247/2017-03/huge/8938785180.jpg",
	            				            	"detail":"西班牙黑毛猪 西班牙伊比利亚黑猪肉 带肋排五花肉  1000g",
	            				            	"price":"156.00"
	            				            	
	            				            },
	            				            {
	            				            	"src":"http://www.lb717.com//Uploads/images/admin/depositstoregoodsupload/release/13247/2017-03/huge/8938785180.jpg",
	            				            	"detail":"西班牙黑毛猪 西班牙伊比利亚黑猪肉 带肋排五花肉  1000g",
	            				            	"price":"156.00"
	            				            	
	            				            }
	            				       ]
	            				
	            			}
		        },
		        {
		        	"goods_name":"麻香嘴 花椒油100ml/瓶",
		        	"src":"http://www.lb717.com//Uploads/images/old/data/20150427/goodsimage/huge/966d70ebb61cf74acd1c5bde4990de6e09421e56.jpg",
		        	"discount_price":"12.00",
		        	"detail":{
	            		"banner":[
	            				    {"src":"http://www.lb717.com//public/upload/temp/2017/07-17/a1324f85faeab4bb134a74f5d9f1b1e4.jpg"},
	            				    {"src":"http://www.lb717.com//public/upload/temp/2017/07-17/67ebc65a3e61b404a2954fca2574fe5d.jpg"},
	            				    {"src":"http://www.lb717.com//public/upload/temp/2017/07-17/0bbc44e58c83a3eb8190913cc1b93937.jpg"}
	            				    ],
	            				"detail":"御龙源 北大荒酸菜棵500克×3袋 亲民有机酸菜棵 东北酸菜 笨酸菜  500g",
	            				"price":"￥45.80",
	            				"postage":"(运费:￥0.00)",
	            				"log":"http://www.lb717.com/Uploads/images/old/data/20150421/storetheme/huge/f6f3b979be2e93597920369f52a3e52662cde6e0.jpg",
	            				"shopName":"嫩江源食品专营店",
	            				"shopNum":"NJY1407004",
	            				"remoment":[
	            				            {
	            				            	"src":"http://www.lb717.com//Uploads/images/admin/depositstoregoodsupload/release/13247/2017-03/huge/8938785180.jpg",
	            				            	"detail":"西班牙黑毛猪 西班牙伊比利亚黑猪肉 带肋排五花肉  1000g",
	            				            	"price":"156.00"
	            				            	
	            				            },
	            				            {
	            				            	"src":"http://www.lb717.com//Uploads/images/old/data/20150427/goodsimage/huge/f5543e40d81f5608c8a32f9eca47f465529e4890.jpg",
	            				            	"detail":"麻香嘴 藤椒油238ml ",
	            				            	"price":"88"
	            				            	
	            				            },
	            				            {
	            				            	"src":"http://www.lb717.com//Uploads/images/admin/depositstoregoodsupload/release/13247/2017-03/huge/8938785180.jpg",
	            				            	"detail":"西班牙黑毛猪 西班牙伊比利亚黑猪肉 带肋排五花肉  1000g",
	            				            	"price":"156.00"
	            				            	
	            				            },
	            				            {
	            				            	"src":"http://www.lb717.com//Uploads/images/admin/depositstoregoodsupload/release/13247/2017-03/huge/8938785180.jpg",
	            				            	"detail":"西班牙黑毛猪 西班牙伊比利亚黑猪肉 带肋排五花肉  1000g",
	            				            	"price":"156.00"
	            				            	
	            				            },
	            				            {
	            				            	"src":"http://www.lb717.com//Uploads/images/admin/depositstoregoodsupload/release/13247/2017-03/huge/8938785180.jpg",
	            				            	"detail":"西班牙黑毛猪 西班牙伊比利亚黑猪肉 带肋排五花肉  1000g",
	            				            	"price":"156.00"
	            				            	
	            				            }
	            				       ]
	            				
	            			}
		        },
		        {
		        	"goods_name":"御龙源 爱尚北纬40°冷榨 亚麻籽油 500ml×2瓶 金装油礼盒系列（油礼盒装）食用油  盒 ",
		        	"src":"http://www.lb717.com//Uploads/images/home/storegoodsupload/release/1418/2017-03/huge/8924677566.jpg",
		        	"discount_price":"208.00",
		        	"detail":{
	            		"banner":[
	            				    {"src":"http://www.lb717.com//public/upload/temp/2017/07-17/a1324f85faeab4bb134a74f5d9f1b1e4.jpg"},
	            				    {"src":"http://www.lb717.com//public/upload/temp/2017/07-17/67ebc65a3e61b404a2954fca2574fe5d.jpg"},
	            				    {"src":"http://www.lb717.com//public/upload/temp/2017/07-17/0bbc44e58c83a3eb8190913cc1b93937.jpg"}
	            				    ],
	            				"detail":"御龙源 北大荒酸菜棵500克×3袋 亲民有机酸菜棵 东北酸菜 笨酸菜  500g",
	            				"price":"￥45.80",
	            				"postage":"(运费:￥0.00)",
	            				"log":"http://www.lb717.com/Uploads/images/old/data/20150421/storetheme/huge/f6f3b979be2e93597920369f52a3e52662cde6e0.jpg",
	            				"shopName":"嫩江源食品专营店",
	            				"shopNum":"NJY1407004",
	            				"remoment":[
	            				            {
	            				            	"src":"http://www.lb717.com//Uploads/images/admin/depositstoregoodsupload/release/13247/2017-03/huge/8938785180.jpg",
	            				            	"detail":"西班牙黑毛猪 西班牙伊比利亚黑猪肉 带肋排五花肉  1000g",
	            				            	"price":"156.00"
	            				            	
	            				            },
	            				            {
	            				            	"src":"http://www.lb717.com//Uploads/images/old/data/20150427/goodsimage/huge/f5543e40d81f5608c8a32f9eca47f465529e4890.jpg",
	            				            	"detail":"麻香嘴 藤椒油238ml ",
	            				            	"price":"88"
	            				            	
	            				            },
	            				            {
	            				            	"src":"http://www.lb717.com//Uploads/images/admin/depositstoregoodsupload/release/13247/2017-03/huge/8938785180.jpg",
	            				            	"detail":"西班牙黑毛猪 西班牙伊比利亚黑猪肉 带肋排五花肉  1000g",
	            				            	"price":"156.00"
	            				            	
	            				            },
	            				            {
	            				            	"src":"http://www.lb717.com//Uploads/images/admin/depositstoregoodsupload/release/13247/2017-03/huge/8938785180.jpg",
	            				            	"detail":"西班牙黑毛猪 西班牙伊比利亚黑猪肉 带肋排五花肉  1000g",
	            				            	"price":"156.00"
	            				            	
	            				            },
	            				            {
	            				            	"src":"http://www.lb717.com//Uploads/images/admin/depositstoregoodsupload/release/13247/2017-03/huge/8938785180.jpg",
	            				            	"detail":"西班牙黑毛猪 西班牙伊比利亚黑猪肉 带肋排五花肉  1000g",
	            				            	"price":"156.00"
	            				            	
	            				            }
	            				       ]
	            				
	            			}
		        }
	        ]
}