{
    "code_error": 1,
    "code": "200444",
    "msg": "get getGoodsChannel list is success",
    "data": {
        "total": 483,
        "per_page": 6,
        "current_page": 1,
        "data": [
            {
                "goods_id": 4777,
                "goods_name": "御龙源 北大荒酸菜棵500克×3袋 亲民有机酸菜棵 东北酸菜 笨酸菜  500g",
                "discount_price": "45.80",
                "store_id": 115,
                "num":1,
                "state":false,
                "src":"http://www.lb717.com//public/upload/temp/2017/07-17/a1324f85faeab4bb134a74f5d9f1b1e4.jpg",
                "is_verify": 1,
                "store_name": "嫩江源食品专营店",
                "short_name": "",
                "store_logo": "http://www.lb717.com/Uploads/images/old/data/20150421/storetheme/huge/f6f3b979be2e93597920369f52a3e52662cde6e0.jpg",
                "store_level": 1,
                "store_desc": "",
                "detail":{
            		"banner":[
            				    {"src":"http://www.lb717.com//public/upload/temp/2017/07-17/a1324f85faeab4bb134a74f5d9f1b1e4.jpg"},
            				    {"src":"http://www.lb717.com//public/upload/temp/2017/07-17/67ebc65a3e61b404a2954fca2574fe5d.jpg"},
            				    {"src":"http://www.lb717.com//public/upload/temp/2017/07-17/0bbc44e58c83a3eb8190913cc1b93937.jpg"}
            				    ],
            				"detail":"御龙源 北大荒酸菜棵500克×3袋 亲民有机酸菜棵 东北酸菜 笨酸菜  500g",
            				"price":"￥45.80",
            				"goods_id": 4777,
            				"postage":"(运费:￥0.00)",
            				"log":"http://www.lb717.com/Uploads/images/old/data/20150421/storetheme/huge/f6f3b979be2e93597920369f52a3e52662cde6e0.jpg",
            				"shopName":"嫩江源食品专营店",
            				"shopNum":"NJY1407004",
            				"remoment":[
            				            {
            				            	"src":"http://www.lb717.com//Uploads/images/admin/depositstoregoodsupload/release/13247/2017-03/huge/8938785180.jpg",
            				            	"detail":"西班牙黑毛猪 西班牙伊比利亚黑猪肉 带肋排五花肉  1000g",
            				            	"price":"156.00"
            				            	
            				            },
            				            {
            				            	"src":"http://www.lb717.com//Uploads/images/old/data/20150427/goodsimage/huge/f5543e40d81f5608c8a32f9eca47f465529e4890.jpg",
            				            	"detail":"麻香嘴 藤椒油238ml ",
            				            	"price":"88"
            				            	
            				            },
            				            {
            				            	"src":"http://www.lb717.com//Uploads/images/admin/depositstoregoodsupload/release/13247/2017-03/huge/8938785180.jpg",
            				            	"detail":"西班牙黑毛猪 西班牙伊比利亚黑猪肉 带肋排五花肉  1000g",
            				            	"price":"156.00"
            				            	
            				            },
            				            {
            				            	"src":"http://www.lb717.com//Uploads/images/admin/depositstoregoodsupload/release/13247/2017-03/huge/8938785180.jpg",
            				            	"detail":"西班牙黑毛猪 西班牙伊比利亚黑猪肉 带肋排五花肉  1000g",
            				            	"price":"156.00"
            				            	
            				            },
            				            {
            				            	"src":"http://www.lb717.com//Uploads/images/admin/depositstoregoodsupload/release/13247/2017-03/huge/8938785180.jpg",
            				            	"detail":"西班牙黑毛猪 西班牙伊比利亚黑猪肉 带肋排五花肉  1000g",
            				            	"price":"156.00"
            				            	
            				            }
            				       ]
            				
            			},
                "enterprise_type": 1,
                "representative": "",
                "tax_code": "",
                "biz_type": 8,
                "store_email": "",
                "phone": "",
                "address_id": 0,
                "address_info": "",
                "location": "509",
                "goods_num": 0,
                "follow_num": 0,
                "employee_sales_id": 0,
                "valid_end_time": "2015-07-09",
                "status": 1,
                "create_time": "2015-08-26 00:52:47",
                "update_time": "2017-04-08 20:23:01"
            },
            {
                "goods_id": 4822,
                "goods_name": "亲民食品 北大荒大荒亲民 高筋粉 5kg/袋",
                "obj_data": "/public/upload/temp/2017/04-19/de7ffdf03309a6927efc5706f4064c45.jpg",
                "discount_price": "55.80",
                "src":"http://www.lb717.com//public/upload/temp/2017/04-19/de7ffdf03309a6927efc5706f4064c45.jpg",
                "store_id": 207,
                "is_verify": 1,
                "num":1,
                "state":false,
                "store_name": "米由你特产专营店",
                "short_name": "",
                "store_logo": "http://www.lb717.com/Uploads/images/old/data/20150421/storetheme/huge/2fd017146e64de4101e9f5723e7d749e83581738.jpg",
                "store_level": 1,
                "store_desc": "",
                "enterprise_type": 1,
                "representative": "",
                "tax_code": "",
                "biz_type": 8,
                "store_email": "",
                "phone": "0",
                "address_id": 0,
                "address_info": "",
                "location": "506",
                "goods_num": 0,
                "follow_num": 0,
                "employee_sales_id": 0,
                "valid_end_time": "0000-00-00",
                "status": 1,
                "create_time": "2015-08-26 00:52:47",
                "update_time": "2017-04-08 20:23:01",
                "detail":{
            		"banner":[
            				    {"src":"http://www.lb717.com//public/upload/temp/2017/04-19/de7ffdf03309a6927efc5706f4064c45.jpg"},
            				    {"src":"http://www.lb717.com//public/upload/temp/2017/04-19/6346cba0d84abec61a87f575448c57cf.jpg"},
            				    {"src":"http://www.lb717.com//public/upload/temp/2017/04-19/37b135c75de7b6a747ce083f317d2a4c.jpg"}
            				    ],
            				"detail":"亲民食品 北大荒大荒亲民 高筋粉 5kg/袋",
            				"price":"￥55.80",
            				"postage":"(运费:￥0.00)",
            				"goods_id": 4777,
            				"log":"http://www.lb717.com/Uploads/images/old/data/20150421/storetheme/huge/2fd017146e64de4101e9f5723e7d749e83581738.jpg",
            				"shopName":"米由你特产专营店",
            				"shopNum":"NJY1407004",
            				"remoment":[
            				            {
            				            	"src":"http://www.lb717.com//Uploads/images/admin/depositstoregoodsupload/release/13247/2017-03/huge/8938785180.jpg",
            				            	"detail":"西班牙黑毛猪 西班牙伊比利亚黑猪肉 带肋排五花肉  1000g",
            				            	"price":"156.00"
            				            	
            				            },
            				            {
            				            	"src":"http://www.lb717.com//Uploads/images/old/data/20150427/goodsimage/huge/f5543e40d81f5608c8a32f9eca47f465529e4890.jpg",
            				            	"detail":"麻香嘴 藤椒油238ml ",
            				            	"price":"88"
            				            	
            				            },
            				            {
            				            	"src":"http://www.lb717.com//Uploads/images/admin/depositstoregoodsupload/release/13247/2017-03/huge/8938785180.jpg",
            				            	"detail":"西班牙黑毛猪 西班牙伊比利亚黑猪肉 带肋排五花肉  1000g",
            				            	"price":"156.00"
            				            	
            				            },
            				            {
            				            	"src":"http://www.lb717.com//Uploads/images/admin/depositstoregoodsupload/release/13247/2017-03/huge/8938785180.jpg",
            				            	"detail":"西班牙黑毛猪 西班牙伊比利亚黑猪肉 带肋排五花肉  1000g",
            				            	"price":"156.00"
            				            	
            				            },
            				            {
            				            	"src":"http://www.lb717.com//Uploads/images/admin/depositstoregoodsupload/release/13247/2017-03/huge/8938785180.jpg",
            				            	"detail":"西班牙黑毛猪 西班牙伊比利亚黑猪肉 带肋排五花肉  1000g",
            				            	"price":"156.00"
            				            	
            				            }
            				       ]
            				
            			}
            },
            {
                "goods_id": 4348,
                "goods_name": "西域美农 玫瑰红葡萄干  250g",
                "obj_data": "/Uploads/images/admin/depositstoregoodsupload/release/1348/2017-03/huge/6695064093.jpg",
                "discount_price": "9.90",
                "store_id": 352,
                "is_verify": 0,
                "num":1,
                "state":false,
                "store_name": "第玖商城",
                "src":"http://www.lb717.com//Uploads/images/admin/depositstoregoodsupload/release/1348/2017-03/huge/6695064093.jpg",
                "short_name": "",
                "store_logo": "",
                "store_level": 1,
                "store_desc": "",
                "enterprise_type": 1,
                "representative": "",
                "tax_code": "",
                "biz_type": 8,
                "store_email": "",
                "phone": "",
                "address_id": 0,
                "address_info": "",
                "location": "",
                "goods_num": 0,
                "follow_num": 0,
                "employee_sales_id": 0,
                "valid_end_time": "0000-00-00",
                "status": 1,
                "create_time": "2017-02-27 16:17:39",
                "update_time": "2017-04-14 15:08:47",
                "detail":{
            		"banner":[
            				    {"src":"http://www.lb717.com//Uploads/images/admin/depositstoregoodsupload/release/1348/2017-03/huge/6695064093.jpg"},
            				    {"src":"http://www.lb717.com//Uploads/images/admin/depositstoregoodsupload/release/1348/2017-03/huge/1898183315.jpg"},
            				    {"src":"http://www.lb717.com//Uploads/images/admin/depositstoregoodsupload/release/1348/2017-03/huge/5718064473.jpg"}
            				    ],
            				"detail":"西域美农 玫瑰红葡萄干  250g",
            				"price":"￥9.90",
            				"goods_id": 4777,
            				"postage":"(运费:￥0.00)",
            				"log":"http://www.lb717.com/Uploads/images/old/data/20150421/storetheme/huge/f6f3b979be2e93597920369f52a3e52662cde6e0.jpg",
            				"shopName":"第玖商城",
            				"shopNum":"307631478@qq.com",
            				"remoment":[
            				            {
            				            	"src":"http://www.lb717.com//Uploads/images/admin/depositstoregoodsupload/release/13247/2017-03/huge/8938785180.jpg",
            				            	"detail":"西班牙黑毛猪 西班牙伊比利亚黑猪肉 带肋排五花肉  1000g",
            				            	"price":"156.00"
            				            	
            				            },
            				            {
            				            	"src":"http://www.lb717.com//Uploads/images/old/data/20150427/goodsimage/huge/f5543e40d81f5608c8a32f9eca47f465529e4890.jpg",
            				            	"detail":"麻香嘴 藤椒油238ml ",
            				            	"price":"88"
            				            	
            				            },
            				            {
            				            	"src":"http://www.lb717.com//Uploads/images/admin/depositstoregoodsupload/release/13247/2017-03/huge/8938785180.jpg",
            				            	"detail":"西班牙黑毛猪 西班牙伊比利亚黑猪肉 带肋排五花肉  1000g",
            				            	"price":"156.00"
            				            	
            				            },
            				            {
            				            	"src":"http://www.lb717.com//Uploads/images/admin/depositstoregoodsupload/release/13247/2017-03/huge/8938785180.jpg",
            				            	"detail":"西班牙黑毛猪 西班牙伊比利亚黑猪肉 带肋排五花肉  1000g",
            				            	"price":"156.00"
            				            	
            				            },
            				            {
            				            	"src":"http://www.lb717.com//Uploads/images/admin/depositstoregoodsupload/release/13247/2017-03/huge/8938785180.jpg",
            				            	"detail":"西班牙黑毛猪 西班牙伊比利亚黑猪肉 带肋排五花肉  1000g",
            				            	"price":"156.00"
            				            	
            				            }
            				       ]
            				
            			}
            },
            {
                "goods_id": 4769,
                "goods_name": "诗乡兔四川特产休闲兔肉零食50g多种口味麻辣小吃酱香大枣核桃味  50g",
                "obj_data": "/Uploads/images/admin/depositstoregoodsupload/release/0/2017-04/huge/3123730195.jpg",
                "discount_price": "12.00",
                "store_id": 352,
                "is_verify": 0,
                "src":"http://www.lb717.com//Uploads/images/admin/depositstoregoodsupload/release/0/2017-04/huge/3123730195.jpg",
                "store_name": "第玖商城",
                "short_name": "",
                "store_logo": "",
                "store_level": 1,
                "num":1,
                "state":false,
                "store_desc": "",
                "enterprise_type": 1,
                "representative": "",
                "tax_code": "",
                "biz_type": 8,
                "store_email": "",
                "phone": "",
                "address_id": 0,
                "address_info": "",
                "location": "",
                "goods_num": 0,
                "follow_num": 0,
                "employee_sales_id": 0,
                "valid_end_time": "0000-00-00",
                "status": 1,
                "create_time": "2017-02-27 16:17:39",
                "update_time": "2017-04-14 15:08:47",
                "detail":{
            		"banner":[
            				    {"src":"http://www.lb717.com//public/upload/temp/2017/07-17/a1324f85faeab4bb134a74f5d9f1b1e4.jpg"},
            				    {"src":"http://www.lb717.com//public/upload/temp/2017/07-17/67ebc65a3e61b404a2954fca2574fe5d.jpg"},
            				    {"src":"http://www.lb717.com//public/upload/temp/2017/07-17/0bbc44e58c83a3eb8190913cc1b93937.jpg"}
            				    ],
            				"detail":"御龙源 北大荒酸菜棵500克×3袋 亲民有机酸菜棵 东北酸菜 笨酸菜  500g",
            				"price":"￥45.80",
            				"postage":"(运费:￥0.00)",
            				"goods_id": 4777,
            				"log":"http://www.lb717.com/Uploads/images/old/data/20150421/storetheme/huge/f6f3b979be2e93597920369f52a3e52662cde6e0.jpg",
            				"shopName":"嫩江源食品专营店",
            				"shopNum":"NJY1407004",
            				"remoment":[
            				            {
            				            	"src":"http://www.lb717.com//Uploads/images/admin/depositstoregoodsupload/release/13247/2017-03/huge/8938785180.jpg",
            				            	"detail":"西班牙黑毛猪 西班牙伊比利亚黑猪肉 带肋排五花肉  1000g",
            				            	"price":"156.00"
            				            	
            				            },
            				            {
            				            	"src":"http://www.lb717.com//Uploads/images/old/data/20150427/goodsimage/huge/f5543e40d81f5608c8a32f9eca47f465529e4890.jpg",
            				            	"detail":"麻香嘴 藤椒油238ml ",
            				            	"price":"88"
            				            	
            				            },
            				            {
            				            	"src":"http://www.lb717.com//Uploads/images/admin/depositstoregoodsupload/release/13247/2017-03/huge/8938785180.jpg",
            				            	"detail":"西班牙黑毛猪 西班牙伊比利亚黑猪肉 带肋排五花肉  1000g",
            				            	"price":"156.00"
            				            	
            				            },
            				            {
            				            	"src":"http://www.lb717.com//Uploads/images/admin/depositstoregoodsupload/release/13247/2017-03/huge/8938785180.jpg",
            				            	"detail":"西班牙黑毛猪 西班牙伊比利亚黑猪肉 带肋排五花肉  1000g",
            				            	"price":"156.00"
            				            	
            				            },
            				            {
            				            	"src":"http://www.lb717.com//Uploads/images/admin/depositstoregoodsupload/release/13247/2017-03/huge/8938785180.jpg",
            				            	"detail":"西班牙黑毛猪 西班牙伊比利亚黑猪肉 带肋排五花肉  1000g",
            				            	"price":"156.00"
            				            	
            				            }
            				       ]
            				
            			}
            },
            {
                "goods_id": 4490,
                "goods_name": "哈肉联 哈肉联香惠肠90g×5袋 哈尔滨红肠 东北特产 哈红肠无肥肉丁 熏香肠  90g×5袋",
                "obj_data": "/Uploads/images/home/storegoodsupload/release/1418/2017-03/huge/6529765407.jpg",
                "discount_price": "36.80",
                "store_id": 115,
                "is_verify": 1,
                "store_name": "嫩江源食品专营店",
                "src":"http://www.lb717.com//public/upload/temp/2017/07-17/a1324f85faeab4bb134a74f5d9f1b1e4.jpg",
                "short_name": "",
                "store_logo": "http://www.lb717.com/Uploads/images/old/data/20150421/storetheme/huge/f6f3b979be2e93597920369f52a3e52662cde6e0.jpg",
                "store_level": 1,
                "num":1,
                "state":false,
                "store_desc": "",
                "enterprise_type": 1,
                "representative": "",
                "tax_code": "",
                "biz_type": 8,
                "store_email": "",
                "phone": "",
                "address_id": 0,
                "address_info": "",
                "location": "509",
                "goods_num": 0,
                "follow_num": 0,
                "employee_sales_id": 0,
                "valid_end_time": "2015-07-09",
                "status": 1,
                "create_time": "2015-08-26 00:52:47",
                "update_time": "2017-04-08 20:23:01",
                "detail":{
            		"banner":[
            				    {"src":"http://www.lb717.com//public/upload/temp/2017/07-17/a1324f85faeab4bb134a74f5d9f1b1e4.jpg"},
            				    {"src":"http://www.lb717.com//public/upload/temp/2017/07-17/67ebc65a3e61b404a2954fca2574fe5d.jpg"},
            				    {"src":"http://www.lb717.com//public/upload/temp/2017/07-17/0bbc44e58c83a3eb8190913cc1b93937.jpg"}
            				    ],
            				"detail":"御龙源 北大荒酸菜棵500克×3袋 亲民有机酸菜棵 东北酸菜 笨酸菜  500g",
            				"price":"￥45.80",
            				"goods_id": 4490,
            				"postage":"(运费:￥0.00)",
            				"log":"http://www.lb717.com/Uploads/images/old/data/20150421/storetheme/huge/f6f3b979be2e93597920369f52a3e52662cde6e0.jpg",
            				"shopName":"嫩江源食品专营店",
            				"shopNum":"NJY1407004",
            				"remoment":[
            				            {
            				            	"src":"http://www.lb717.com//Uploads/images/admin/depositstoregoodsupload/release/13247/2017-03/huge/8938785180.jpg",
            				            	"detail":"西班牙黑毛猪 西班牙伊比利亚黑猪肉 带肋排五花肉  1000g",
            				            	"price":"156.00"
            				            	
            				            },
            				            {
            				            	"src":"http://www.lb717.com//Uploads/images/old/data/20150427/goodsimage/huge/f5543e40d81f5608c8a32f9eca47f465529e4890.jpg",
            				            	"detail":"麻香嘴 藤椒油238ml ",
            				            	"price":"88"
            				            	
            				            },
            				            {
            				            	"src":"http://www.lb717.com//Uploads/images/admin/depositstoregoodsupload/release/13247/2017-03/huge/8938785180.jpg",
            				            	"detail":"西班牙黑毛猪 西班牙伊比利亚黑猪肉 带肋排五花肉  1000g",
            				            	"price":"156.00"
            				            	
            				            },
            				            {
            				            	"src":"http://www.lb717.com//Uploads/images/admin/depositstoregoodsupload/release/13247/2017-03/huge/8938785180.jpg",
            				            	"detail":"西班牙黑毛猪 西班牙伊比利亚黑猪肉 带肋排五花肉  1000g",
            				            	"price":"156.00"
            				            	
            				            },
            				            {
            				            	"src":"http://www.lb717.com//Uploads/images/admin/depositstoregoodsupload/release/13247/2017-03/huge/8938785180.jpg",
            				            	"detail":"西班牙黑毛猪 西班牙伊比利亚黑猪肉 带肋排五花肉  1000g",
            				            	"price":"156.00"
            				            	
            				            }
            				       ]
            				
            			}
            },
            {
                "goods_id": 4709,
                "goods_name": "安徽特产 野生毛草鱼干（半斤） 地道家乡味凤尾鱼  250g",
                "obj_data": "/Uploads/images/admin/depositstoregoodsupload/release/0/2017-03/huge/4298644814.jpg",
                "discount_price": "16.00",
                "store_id": 372,
                "is_verify": 0,
                "src":"http://www.lb717.com//Uploads/images/home/storegoodsupload/release/1418/2017-03/huge/6529765407.jpg",
                "store_name": "含帮生活专营店",
                "short_name": "",
                "store_logo": "",
                "store_level": 1,
                "store_desc": "",
                "enterprise_type": 1,
                "num":1,
                "state":false,
                "representative": "",
                "tax_code": "",
                "biz_type": 8,
                "store_email": "810816541@qq.com",
                "phone": "18900550599",
                "address_id": 0,
                "address_info": "",
                "location": "",
                "goods_num": 0,
                "follow_num": 0,
                "employee_sales_id": 0,
                "valid_end_time": "0000-00-00",
                "status": 1,
                "create_time": "2017-03-21 14:06:52",
                "update_time": "2017-05-05 10:28:06",
                "detail":{
            		"banner":[
            				    {"src":"http://www.lb717.com//public/upload/temp/2017/07-17/a1324f85faeab4bb134a74f5d9f1b1e4.jpg"},
            				    {"src":"http://www.lb717.com//public/upload/temp/2017/07-17/67ebc65a3e61b404a2954fca2574fe5d.jpg"},
            				    {"src":"http://www.lb717.com//public/upload/temp/2017/07-17/0bbc44e58c83a3eb8190913cc1b93937.jpg"}
            				    ],
            				"detail":"御龙源 北大荒酸菜棵500克×3袋 亲民有机酸菜棵 东北酸菜 笨酸菜  500g",
            				"price":"￥45.80",
            				"goods_id": 4490,
            				"postage":"(运费:￥0.00)",
            				"log":"http://www.lb717.com/Uploads/images/old/data/20150421/storetheme/huge/f6f3b979be2e93597920369f52a3e52662cde6e0.jpg",
            				"shopName":"嫩江源食品专营店",
            				"shopNum":"NJY1407004",
            				"remoment":[
            				            {
            				            	"src":"http://www.lb717.com//Uploads/images/admin/depositstoregoodsupload/release/13247/2017-03/huge/8938785180.jpg",
            				            	"detail":"西班牙黑毛猪 西班牙伊比利亚黑猪肉 带肋排五花肉  1000g",
            				            	"price":"156.00"
            				            	
            				            },
            				            {
            				            	"src":"http://www.lb717.com//Uploads/images/old/data/20150427/goodsimage/huge/f5543e40d81f5608c8a32f9eca47f465529e4890.jpg",
            				            	"detail":"麻香嘴 藤椒油238ml ",
            				            	"price":"88"
            				            	
            				            },
            				            {
            				            	"src":"http://www.lb717.com//Uploads/images/admin/depositstoregoodsupload/release/13247/2017-03/huge/8938785180.jpg",
            				            	"detail":"西班牙黑毛猪 西班牙伊比利亚黑猪肉 带肋排五花肉  1000g",
            				            	"price":"156.00"
            				            	
            				            },
            				            {
            				            	"src":"http://www.lb717.com//Uploads/images/admin/depositstoregoodsupload/release/13247/2017-03/huge/8938785180.jpg",
            				            	"detail":"西班牙黑毛猪 西班牙伊比利亚黑猪肉 带肋排五花肉  1000g",
            				            	"price":"156.00"
            				            	
            				            },
            				            {
            				            	"src":"http://www.lb717.com//Uploads/images/admin/depositstoregoodsupload/release/13247/2017-03/huge/8938785180.jpg",
            				            	"detail":"西班牙黑毛猪 西班牙伊比利亚黑猪肉 带肋排五花肉  1000g",
            				            	"price":"156.00"
            				            	
            				            }
            				       ]
            				
            			}
            }
        ]
    }
}