{
    "msg":"1",
    "info":"index",
    "list":{
        "banner":[
            {
                "src":"./src/assets/home/banner/banner-1.png"
            },
            {
                "src":"./src/assets/home/banner/banner-4.png"
            },
            {
                "src":"./src/assets/home/banner/banner-3.png"
            }
        ],
        "nav":[
            [
                {
                    "src":"./src/assets/home/nav/1_r1_c1.png",
                    "detail":"家乡味道"
                },
                {
                    "src":"./src/assets/home/nav/1_r1_c4.png",
                    "detail":"进口食品"
                },
                {
                    "src":"./src/assets/home/nav/1_r1_c7.png",
                    "detail":"牛奶乳品"
                },
                {
                    "src":"./src/assets/home/nav/1_r1_c11.png",
                    "detail":"茶果冲饮"
                }
            ],
            [
                {
                    "src":"./src/assets/home/nav/1_r3_c1.png",
                    "detail":"休闲零食"
                },
                {
                    "src":"./src/assets/home/nav/1_r3_c4.png",
                    "detail":"米面粮油"
                },
                {
                    "src":"./src/assets/home/nav/1_r3_c6.png",
                    "detail":"调味调料"
                },
                {
                    "src":"./src/assets/home/nav/1_r3_c11.png",
                    "detail":"酒水饮料"
                }
            ]
        ],
        "tip":[
        	        "7.17安全食品商城周年庆，暑期放价嗨不停！好吃、安全、放心的食品，陪你度假期",
        	        "717商城社区服务功能正式上线！抢红包！晒家乡！好吃、好玩、好看尽在717商城社区！"
        	  ]
    }
}